id,name,code,contact_name,email,phone,additional_emails
a06aa087-c3e2-439e-9b07-9a8f880f5dc4,"Tariq Mabkhout AlHuwail",1052,"مبخوت الحويل التجارية",,,
a06aa548-6b66-434d-ae06-0ec391a25227,"Al Shaalan Sons",1005,"شركة أبناء عبدالرحمن عبدالعزيز الشعلان التجارية",,,
a06aa55a-5e9f-4582-9229-a3b15d960e05,AlJumaih,1009,"مصنع الجميح لتعبئة المشروبات الغازية",,,
a06aa581-9d0a-4169-ba18-3a240499ea12,"AlQarya Milk Trading Company",1011,"شركة القرية لتجارة الألبان",,,
a06aa595-11d6-4fca-b02b-f24d2ed2f2da,Rawazen,1043,"شركة روازن الدولية للتجارة",,,
a06aa5c7-9fa5-4971-ad93-592a078f52b0,"Tanmiah Chicken Supplier (ADC)",1051,"مورد دجاج التنمية(ADC)",,,
a06aa5ea-afb1-4f61-b19e-466432bae9ee,"AlHamrani Trading Establishment",1008,"مؤسسة الحمراني التجارية",,,
a06aa623-9a4d-4fa1-9225-3430bd96e5b9,"Al Munajum Haneeth",1003,"المنجم حنيث",,,
a06aa633-2402-4e34-a0b1-78912243d678,Bread,1012,خبز,,,
a06aa640-5173-4ee5-a1a4-c9e823cff7d5,"Al Shakhs",1006,"شركة الشخس التجارية للمواد الغذائية واللوازم",,,
a06aa678-93bf-455b-b3cc-af9edf970dda,"Al Mataq Al Raqi",1002,"شركة المذاق الراقي لصناعة الحلويات والكنافة",,,
a06aa69a-cb0b-4fbf-ba46-2ea6f9ad8dee,"New vegetables",1037,"خضراوات جديدة",,,
a06cdf05-2d08-4e85-bbbd-a675d83c1f90,"NOVA Water",1038,"مياه نوفا الحنيذ",,,
a0b346b7-69bc-4a00-9753-7c24600e1e09,"Almarai Company",1010,"شركة المراعي بيت الحنيذ",,,
a0b94747-8a18-42f9-90f1-98387e0324bb,"Fine Company",1018,"الورق الصحي المحدودة فاين الحنيذ",,,
a0bf1531-1853-49e7-a397-ca9bd2003492,"Gray Line trading Company",1023,"(شركة الممر الرمادي التجارية) الحنيذ",,,
a0c5a445-f0b6-4453-b818-9d8be2773043,Marah,1030,"مورد مرخ",,,
a0c9c570-9991-41d7-b6ec-953cd38c3bba,"ORIENT PROVISION & TRADING CO.",1039,"شركة تموين الشرق للتجارة الحنيذ",,,
a0c9cb96-485d-4f44-8538-35e1114b381e,"RAKAEZ BARAKAT BILADI TRADING COMPANY",1042,"مؤسسة ركائز بركه",,,
a0cdb32b-78ba-4851-8f78-b7422e13bef1,"Sahm Al Masdar Trading Company",1045,"شركة سهم المصدر للتجارة",,,
a0cdb384-b1b8-4c94-91ee-c0cb03b8211f,"Madar Al maraei Lilmushi",1028,"مدار المراعي للموشي",,,
a0cdb3a0-20f1-4efb-a803-fbe0d66b0184,"Packaging box factory",1040,"مصنع علب تغليف",,,
a0cdb512-3708-43ec-a434-c2160f9dfde0,"Business Square Factory",1013,"مصنع ساحة الاعمال",,,
a0cdb52a-f707-432a-809a-640a24773d3f,"Moord karak",1033,"مورد كرك",,,
a0cdb595-f1b6-4dad-a5d9-78e34e315efb,"murdi Al Dosari",1035,"مرضي الدوسري",,,
a0cdb5e2-7d1a-4d13-a986-2f37fcc40667,"Nawaf Marzouq",1036,"نواف مرزوق  الميميزي الرشيدي  عوده",,,
a0cdb651-df48-4755-a02e-4f6f47dd3e9f,"Al Rawafed Al Thahabiya",1004,"شركة الروافد الذهبية التجاريه الحنيذ",,,
a0ce0b1a-9ae2-46f7-9150-88a4f91c8d30,"Sulthan Kitchen ware Company",1048,"شركة اواني السلطان حنيذ",,,
a0d15c28-566b-47fc-94f0-0943cd1768f7,"Goat Jeedha Suppier",1021,"مورد تيوس جده",,,
a0d161c3-d1bb-4d29-b13c-aeefbbd052db,"Herfy supplier",1025,"مورد نعيمي",,,
a0d32819-59e8-4a5a-90a1-e208d90db1a4,"First Plastic Company  Haneeth",1019,"مصنع الاول للبلاسيتك",,,
a0e1aac1-2de4-48c4-a366-170243ae6078,"Kursan Supplier",1027,"مورد قرصان",,,
a0e1ab00-1ae0-4078-a98f-b1ccc89341be,"mazbhi Stone Supplier",1031,"مورد حجر مظبي",,,
a0e1ab3b-99cf-4c0b-ad57-557810cd2053,"Flour Powder Supplier",1020,"مورد دقيق",,,
a0e1f885-9245-45b1-91ed-469311845ccb,Abudawood,1001,أبوداوود,,,
a0e36bc3-6de7-4fa4-8731-9080c27b47f2,"Dakoos Pepper Supplier",1015,"فلفل كرز دقوس",,,
a0e9840a-ddbd-4bcc-a5e7-2c116709d003,"Jawaher Al Rabea",1026,"جواهر الربيع",,,
a0f157cb-3cbc-4c02-b3bc-9fa4411f156f,"GRAND CROWN NEW",1022,"شركة جراند كراون الدولية",,,
a0f766eb-f58b-4aaa-a815-17f7aeb5b29a,"Sulthan Trading Company",1049,"شركة سلطان التجارية",,,
a0f7a455-b29e-4c70-b195-510b005197b0,"Top Fruits Trade Est",1054,"مؤسسة قمة الفاكهة التجارية",,,
a1059c80-eaf2-4c46-b8c3-5561c592ddcf,"Date supplier",1016,"مورد تمر",,,
a113ae72-970c-43aa-89a5-35208c99ce2e,"Samosa Supplier",1046,"مورد سمبوسة",,,
a113c47e-5581-43c8-b848-e6f952816742,"Esnad Limited Company",1017,"شركة اسناد المحدودة",,,
a113c915-a8d7-4a99-8563-5165231762db,"Mohammed Issa Nasser AlKhalaf Trading Establishment",1032,"مؤسسة محمد عيسي ناصر الخلف للتجارة",,,
a113c948-af25-4229-8e5a-be596a04cc35,"Moussa  Fruit & Vegetable Dispenser",1034,"موسي لتوزيع لاالخضار و الفواكة",,,
a113c971-a715-47c5-b9a0-14776e224bde,"AlDaradar Trading Establishment",1007,"مؤسسة الدراق للتجارة",,,
a113c9a4-9690-4795-a633-29658c7ec0df,"Rose Al Jazeera Trading Establishment",1044,"مؤسسة روز الجزيرة للتجارة",,,
a113c9b6-1b14-4ac5-8d79-9d953103316d,Procurement,1041,مشتريات,,,
a113c9e9-9f49-41c1-a231-7f52299db323,"shabek elsulay Sacrifices",1047,"شبك السلي ذبايح",,,
a129b008-439b-419a-abce-8d15c687339a,"The Coca cola Battling  Company",1053,"شركة كوكاكولا",,,
a1382421-ddef-4134-88be-2cbafe1f8dbe,"MANDHI ROLL SUPPLIER",1029,"مورد لفافة ماندي",,,
a155fa36-734c-48a8-ad18-b30aa9df19d7,"Gulf West Import Company",1024,"شركة الخليج الغربية",,,
a1865812-4127-4246-b60b-19eef1744bed,"cream caramel",1014,"مؤسسة مطعم حكاية الشوايه",,,
a19c8b92-3df9-4340-938f-63adcd07aa69,"supplier salt",1050,"مورد الملح",,,
a24d83e5-b257-4b20-b630-aa6bcbac1c95,"Al othman trading co.(for Food Stuff)",1055,0503685584,,,
a2942da7-9ba2-41fa-801d-5fff3d39bfa4,"Qasar Plastic Trading Company",,,,,
a296206f-0e5f-4b52-8e79-735ba733592a,"Cash Suppliers",,,,,
a2cc92c4-3b46-4481-b651-ad14d3721c1c,"مورد حاشي",1056,,,,
